state,effective_date,terminal,fuel_type,price_cents_per_litre,scraped_timestamp
New South Wales,2026-10-09,Newcastle,Diesel,255.92,2026-10-08T07:33:17.913727
New South Wales,2026-10-09,Newcastle,PULP,248.64,2026-10-08T07:33:17.913737
New South Wales,2026-10-09,Newcastle,ULP,238.64,2026-10-08T07:33:17.913733
New South Wales,2026-10-09,Newcastle,e10,237.04,2026-10-08T07:33:17.913740
New South Wales,2026-10-09,Sydney-Botany,Diesel,259.78,2026-10-08T07:33:17.913528
New South Wales,2026-10-09,Sydney-Botany,PULP,247.83,2026-10-08T07:33:17.913546
New South Wales,2026-10-09,Sydney-Botany,ULP,237.83,2026-10-08T07:33:17.913541
New South Wales,2026-10-09,Sydney-Botany,e10,235.44,2026-10-08T07:33:17.913550
New South Wales,2026-10-09,Sydney-Silverwater,Diesel,259.78,2026-10-08T07:33:17.913642
New South Wales,2026-10-09,Sydney-Silverwater,PULP,247.83,2026-10-08T07:33:17.913653
New South Wales,2026-10-09,Sydney-Silverwater,ULP,237.83,2026-10-08T07:33:17.913649
New South Wales,2026-10-09,Sydney-Silverwater,e10,235.44,2026-10-08T07:33:17.913657
Northern Territory,2026-10-09,Darwin,Diesel,259.24,2026-10-08T07:33:17.914249
Northern Territory,2026-10-09,Darwin,PULP,253.72,2026-10-08T07:33:17.914259
Northern Territory,2026-10-09,Darwin,ULP,243.72,2026-10-08T07:33:17.914255
Queensland,2026-10-09,Brisbane,Diesel,260.9,2026-10-08T07:33:17.914611
Queensland,2026-10-09,Brisbane,PULP,247.01,2026-10-08T07:33:17.914645
Queensland,2026-10-09,Brisbane,ULP,237.41,2026-10-08T07:33:17.914641
Queensland,2026-10-09,Brisbane,e10,233.78,2026-10-08T07:33:17.914651
Queensland,2026-10-09,Cairns,Diesel,260.89,2026-10-08T07:33:17.914720
Queensland,2026-10-09,Cairns,PULP,259.2,2026-10-08T07:33:17.914729
Queensland,2026-10-09,Cairns,ULP,249.2,2026-10-08T07:33:17.914725
Queensland,2026-10-09,Gladstone,Diesel,261.22,2026-10-08T07:33:17.914792
Queensland,2026-10-09,Gladstone,PULP,258.42,2026-10-08T07:33:17.914801
Queensland,2026-10-09,Gladstone,ULP,248.42,2026-10-08T07:33:17.914797
Queensland,2026-10-09,Mackay,Diesel,257.88,2026-10-08T07:33:17.914862
Queensland,2026-10-09,Mackay,PULP,258.68,2026-10-08T07:33:17.914872
Queensland,2026-10-09,Mackay,ULP,248.68,2026-10-08T07:33:17.914868
Queensland,2026-10-09,Mackay,e10,244.52,2026-10-08T07:33:17.914875
Queensland,2026-10-09,Townsville,Diesel,259.4,2026-10-08T07:33:17.914934
Queensland,2026-10-09,Townsville,PULP,260.25,2026-10-08T07:33:17.914942
Queensland,2026-10-09,Townsville,ULP,250.25,2026-10-08T07:33:17.914939
South Australia,2026-10-09,Adelaide,Diesel,254.47,2026-10-08T07:33:17.915577
South Australia,2026-10-09,Adelaide,PULP,243.27,2026-10-08T07:33:17.915587
South Australia,2026-10-09,Adelaide,ULP,234.26,2026-10-08T07:33:17.915584
South Australia,2026-10-09,Port Bonython,Diesel,270.09,2026-10-08T07:33:17.915744
Tasmania,2026-10-09,Burnie,Diesel,264.59,2026-10-08T07:33:17.916089
Tasmania,2026-10-09,Burnie,PULP,255.55,2026-10-08T07:33:17.916099
Tasmania,2026-10-09,Burnie,ULP,245.55,2026-10-08T07:33:17.916096
Tasmania,2026-10-09,Hobart,Diesel,264.2,2026-10-08T07:33:17.916160
Tasmania,2026-10-09,Hobart,PULP,255.96,2026-10-08T07:33:17.916168
Tasmania,2026-10-09,Hobart,ULP,245.96,2026-10-08T07:33:17.916164
Victoria,2026-10-09,Geelong,Diesel,257.0,2026-10-08T07:33:17.916570
Victoria,2026-10-09,Geelong,PULP,248.67,2026-10-08T07:33:17.916580
Victoria,2026-10-09,Geelong,ULP,238.67,2026-10-08T07:33:17.916576
Victoria,2026-10-09,Melbourne,Diesel,254.51,2026-10-08T07:33:17.916659
Victoria,2026-10-09,Melbourne,PULP,248.29,2026-10-08T07:33:17.916669
Victoria,2026-10-09,Melbourne,ULP,238.29,2026-10-08T07:33:17.916665
Western Australia,2026-10-09,Broome,Diesel,271.11,2026-10-08T07:33:17.917077
Western Australia,2026-10-09,Broome,PULP,278.07,2026-10-08T07:33:17.917087
Western Australia,2026-10-09,Broome,ULP,268.07,2026-10-08T07:33:17.917083
Western Australia,2026-10-09,Esperance,Diesel,260.56,2026-10-08T07:33:17.917145
Western Australia,2026-10-09,Esperance,PULP,258.82,2026-10-08T07:33:17.917153
Western Australia,2026-10-09,Esperance,ULP,248.82,2026-10-08T07:33:17.917150
Western Australia,2026-10-09,Geraldton,Diesel,262.01,2026-10-08T07:33:17.917212
Western Australia,2026-10-09,Kalgoorlie,Diesel,258.19,2026-10-08T07:33:17.917275
Western Australia,2026-10-09,Kalgoorlie,ULP,243.19,2026-10-08T07:33:17.917280
Western Australia,2026-10-09,Perth,Diesel,254.02,2026-10-08T07:33:17.917337
Western Australia,2026-10-09,Perth,PULP,249.14,2026-10-08T07:33:17.917346
Western Australia,2026-10-09,Perth,ULP,239.14,2026-10-08T07:33:17.917342
Western Australia,2026-10-09,Port Hedland,Diesel,258.29,2026-10-08T07:33:17.917401
Western Australia,2026-10-09,Port Hedland,ULP,261.19,2026-10-08T07:33:17.917406
